{
  "model": "OhShuLih",
  "f1_score": 0.6876647703621479,
  "precision": 0.9815805109922757,
  "recall": 0.5292044847837694,
  "mse": 0.06836854014487692
}